Time Series,R2,R2_Adj,AIC,BIC
TS1,0.94107,0.94083,-4250.00093,-4218.12160
TS2,0.89514,0.89472,-3385.61833,-3353.73900
TS3,0.01315,0.00919,-22.75944,9.11988
TS4,0.93827,0.93803,-4180.49162,-4148.61230
TS5,0.89515,0.89473,-3385.73696,-3353.85763
