Time Series,R2,R2_Adj,AIC,BIC
TS1,0.99194,0.99190,474.14833,506.02765
TS2,0.97649,0.97640,2078.91602,2110.79534
TS3,0.99161,0.99158,533.24224,565.12157
TS4,0.99161,0.99158,533.24224,565.12157
TS5,0.91333,0.91299,4036.09732,4067.97664
