Time Series,R2,R2_Adj,AIC,BIC
TS1,0.98584,0.98578,3299.05527,3210.04899
TS2,-0.00032,-0.00434,9178.56543,9210.44475
TS3,0.97519,0.97498,4508.98294,4533.01091
TS4,0.99566,0.98357,3757.17914,3789.05846
TS5,0.98966,0.98962,3234.88957,3266.76890
