Time Series,R2,R2_Adj,AIC,BIC
TS1,0.95311,0.95292,-4592.89974,-4561.02042
TS2,0.95011,0.94991,-4499.74978,-4467.87046
TS3,0.91555,0.91521,-3710.32429,-3678.44497
TS4,0.91555,0.91521,-3710.32429,-3678.44497
TS5,0.16528,0.16192,-273.88531,-242.00599
