Time Series,R2,R2_Adj,AIC,BIC
TS1,0.89407,0.89321,2674.88604,2702.61448
TS2,0.88957,0.88868,2706.07614,2733.80458
TS3,0.86012,0.85899,2883.67120,2911.39964
TS4,0.85254,0.85136,2923.25641,2950.98484
TS5,-1.23799,-1.25603,4965.83075,4993.55918
