Time Series,R2,R2_Adj,AIC,BIC
TS1,0.94113,0.94090,-4251.56601,-4120.85849
TS2,0.89514,0.89472,-3385.67666,-3353.76201
TS3,-0.00271,-0.00674,1.16111,33.04044
TS4,0.93830,0.93803,-4180.51095,-4148.61349
TS5,0.89515,0.89476,-3385.63520,-3353.71459
