Time Series,R2,R2_Adj,AIC,BIC
TS1,0.89413,0.89328,2674.42916,2702.15759
TS2,0.86070,0.85958,2880.52443,2908.25287
TS3,-1.23799,-1.25603,4965.83075,4993.55918
TS4,0.88957,0.88868,2706.07614,2733.80458
TS5,0.86213,0.86102,2872.78735,2900.51579
