Time Series,R2,R2_Adj,AIC,BIC
TS1,0.76909,0.76723,3260.07640,3287.80583
TS2,0.58578,0.58298,3698.62659,3726.64533
TS3,-2.54439,-2.72859,5349.00393,5332.54128
TS4,0.78041,0.77864,3222.32924,3250.05756
TS5,0.58628,0.58475,3698.82406,3726.69636
