Time Series,R2,R2_Adj,AIC,BIC
TS1,0.95311,0.95292,-4592.89974,-4561.02042
TS2,0.91727,0.91694,-3741.18120,-3709.30188
TS3,0.16528,0.16192,-273.88531,-242.00599
TS4,0.95011,0.94991,-4499.74978,-4467.87046
TS5,0.91776,0.91743,-3750.00598,-3718.12665
