Time Series,R2,R2_Adj,AIC,BIC
TS1,0.98880,0.98875,967.24876,999.12808
TS2,0.97369,0.97358,2247.94925,2279.82857
TS3,0.91188,0.91153,4060.98429,4092.86362
TS4,0.97649,0.97640,2078.91602,2110.79534
TS5,0.97369,0.97358,2247.94925,2279.82857
