Time Series,R2,R2_Adj,AIC,BIC
TS1,0.9907338772124357,0.9906966389426933,2663.330236240899,2695.2095585634406
TS2,-0.00032284363330803423,-0.00434289524871323,9178.565428289836,9210.444750612378
TS3,0.9763582196812358,0.9762632091776106,4418.027938254205,4449.907260576747
TS4,0.9935321018857465,0.9935061089931239,2365.066216903354,2396.9455392258956
TS5,0.993751854665217,0.9937267449049968,2479.922116952399,2511.8014392749405
