Time Series,R2,R2_Adj,AIC,BIC
TS1,0.985667337902933,0.9856097384571311,1336.8054027264704,1368.6847250490123
TS2,0.9703478223630079,0.9702286575499992,2427.2972607419592,2459.176583064501
TS3,0.9038197331245382,0.9034332082744024,4192.330225382544,4224.209547705086
TS4,0.978286349539639,0.9781990877159537,1959.9055838610423,1991.784906183584
TS5,0.9703478223630079,0.9702286575499992,2427.2972607419592,2459.176583064501
