Time Series,R2,R2_Adj,AIC,BIC
TS1,0.99742,0.99741,745.67760,777.55692
TS2,0.99642,0.99641,1477.57160,1509.45093
TS3,0.99807,0.99807,715.19028,747.06960
TS4,-0.00032,-0.00434,9178.56543,9210.44475
TS5,0.97839,0.97831,4282.94444,4314.82377
