Time Series,R2Adj
TS1,-0.003460397139260829
TS2,-0.003348699477719652
TS3,-0.00336824763647825
TS4,-0.0033486629563275194
