Time Series,AIC
TS1,6932.967345913085
TS2,6850.99063251033
TS3,9614.29238436076
TS4,9579.537759728912
