Time Series,R2
TS1,-0.0001132977492033227
TS2,-1.9726615831938688e-06
TS3,-2.145561634336879e-05
TS4,-1.9362620100604744e-06
