Time Series,BIC
TS1,6959.5334478485365
TS2,6877.556734445781
TS3,9640.858486296213
TS4,9606.103861664364
