Time Series,BIC
TS1,4958.353545560226
TS2,inf
TS3,4964.279504617375
TS4,4946.857894776798
TS5,inf
TS6,inf
TS7,inf
TS8,4986.930910894901
TS9,5106.161297272391
TS10,5897.375563773274
TS11,9212.117350907043
TS12,4960.482240699106
TS13,4960.6530083675625
TS14,4919.544873397628
TS15,4992.3277533109085
TS16,5402.605019889336
TS17,6012.302495879652
TS18,5020.4043119593225
TS19,5063.891303411845
TS20,5126.599939521063
TS21,6046.990897478579
