Time Series,AIC
TS1,4931.787443624775
TS2,inf
TS3,4937.713402681924
TS4,4920.291792841347
TS5,inf
TS6,inf
TS7,inf
TS8,4960.36480895945
TS9,5079.5951953369395
TS10,5870.809461837823
TS11,9185.551248971591
TS12,4933.916138763655
TS13,4934.086906432111
TS14,4892.978771462177
TS15,4965.761651375457
TS16,5376.038917953885
TS17,5985.736393944201
TS18,4993.838210023871
TS19,5037.325201476394
TS20,5100.033837585612
TS21,6020.424795543128
