Time Series,R2
TS1,0.9223050920550055
TS2,0.6806094894975971
TS3,0.9063812285377181
TS4,0.7177459119548255
TS5,0.9203006910838322
TS6,0.9272798884739779
TS7,-3.556911805386595
