Time Series,AIC
TS1,9637.619086311675
TS2,8956.31278154726
TS3,9727.79075611395
TS4,13851.9974699111
TS5,8956.322308185529
TS6,8956.315285258403
TS7,8956.328295473637
