Time Series,R2
TS1,-0.8279705564489062
TS2,-0.3746806319853948
TS3,-4.951371423095537
TS4,0.5404510260089227
TS5,-1.1735511695295062
TS6,-3.1020919847743347
TS7,0.0
