Time Series,AIC
TS1,2451.2882519016416
TS2,3493.261017644657
TS3,2937.8433424787036
TS4,4218.4512289631775
TS5,1631.955011142596
TS6,1880.53232195702
TS7,2164.642864511574
