Time Series,BIC
TS1,12195.180012622315
TS2,10480.346362920322
TS3,13080.732371014059
TS4,16706.40989593704
TS5,10480.346208723613
TS6,10480.346320800389
TS7,10480.346119188678
