Time Series,AIC
TS1,9586.330808591838
TS2,7749.243601452622
TS3,9514.430005707613
TS4,9901.870390279382
TS5,9851.349061777377
TS6,9785.349907945692
TS7,9086.501201079493
