Time Series,BIC
TS1,12054.182646377896
TS2,10641.129923599441
TS3,12985.060905119431
TS4,11347.365669018669
TS5,10641.129020236087
TS6,10641.129668506106
TS7,10641.128534217192
