Time Series,BIC
TS1,5921.653794713035
TS2,6983.286022922529
TS3,6061.671130486445
TS4,6890.4572873939005
TS5,5940.782661618469
TS6,5871.958820294803
TS7,6381.231506662767
