Time Series,AIC
TS1,12027.616544442444
TS2,10614.563821663989
TS3,12958.49480318398
TS4,11320.799567083217
TS5,10614.562918300635
TS6,10614.563566570654
TS7,10614.56243228174
