Time Series,AIC
TS1,9625.646495499699
TS2,7948.4458352285765
TS3,9559.766730953494
TS4,9990.423765438682
TS5,9885.098986025758
TS6,9819.872453618436
TS7,9003.485750241598
