Time Series,BIC
TS1,2477.854353837093
TS2,3519.8271195801085
TS3,2964.409444414155
TS4,4245.017330898629
TS5,1658.5211130780476
TS6,1907.0984238924716
TS7,2191.2089664470254
