Time Series,BIC
TS1,9652.212597435151
TS2,7975.011937164028
TS3,9586.332832888946
TS4,10016.989867374134
TS5,9911.66508796121
TS6,9846.438555553888
TS7,9030.05185217705
