Time Series,AIC
TS1,5898.546766454214
TS2,6960.178994663708
TS3,6038.564102227624
TS4,6867.35025913508
TS5,5917.675633359649
TS6,5848.851792035983
TS7,6358.124478403946
