Time Series,AIC
TS1,12168.613910686863
TS2,10453.78026098487
TS3,13054.166269078607
TS4,16679.843794001587
TS5,10453.780106788161
TS6,10453.780218864937
TS7,10453.780017253226
