Time Series,BIC
TS1,8383.999656778433
TS2,6933.509062870839
TS3,8559.337283896253
TS4,16745.292058976098
TS5,6933.4971083979135
TS6,6933.505698741547
TS7,6933.490623165966
