Time Series,BIC
TS1,9612.89691052729
TS2,7775.809703388073
TS3,9540.996107643065
TS4,9928.436492214834
TS5,9877.915163712829
TS6,9811.916009881144
TS7,9113.067303014945
