Time Series,AIC
TS1,8357.43355484298
TS2,6906.942960935388
TS3,8532.771181960801
TS4,16718.725957040646
TS5,6906.931006462462
TS6,6906.939596806096
TS7,6906.924521230515
