Time Series,BIC
TS1,9660.726114570496
TS2,8979.41980980608
TS3,9750.89778437277
TS4,13875.104498169921
TS5,8979.42933644435
TS6,8979.422313517223
TS7,8979.435323732458
