Time Series,Season,BIC
TS1,s2,9623.528333110182
TS2,s11,7982.701356623293
TS3,s2,9710.075213492759
TS4,s12,2844.0437255770994
