Time Series,Season,R2Adj
TS1,s2,0.052846819046935445
TS2,s11,-0.013551697473025204
TS3,s2,-0.003409273686939107
TS4,s12,0.9673440355045589
