Time Series,Season,R2
TS1,s2,0.056006102505751554
TS2,s11,-0.010170937975116479
TS3,s2,-6.23448220729017e-05
TS4,s12,0.9674529613367652
