Time Series,Season,AIC
TS1,s2,9596.96223117473
TS2,s11,7956.135254687842
TS3,s2,9683.509111557307
TS4,s12,2817.477623641648
