Time Series,BIC
TS1,5521.108322203432
TS2,12274.984593927395
TS3,7591.212485044035
TS4,5521.102574831798
TS5,12274.984593927395
