Time Series,AIC
TS1,10262.47397140886
TS2,15090.353949941878
TS3,10343.190112717566
TS4,10262.559403880823
TS5,15005.857531911986
