Time Series,BIC
TS1,4109.557827898294
TS2,9515.868299846015
TS3,5520.38229888962
TS4,4096.892318855598
TS5,4330.512343968717
