Time Series,AIC
TS1,-1172.8642872157232
TS2,8005.48047053015
TS3,-0.6208421623431928
TS4,-1665.344034389395
TS5,-956.8799836730717
