Time Series,R2
TS1,0.5409716591231413
TS2,-207.56550804654032
TS3,-0.0028563757270920753
TS4,0.6694386990442542
TS5,0.46988101111451563
