Time Series,R2Adj
TS1,0.0609663535415752
TS2,-0.00371048180743494
TS3,0.054881796386825665
TS4,0.04697395753985678
TS5,0.29151588318290655
