Time Series,BIC
TS1,10282.704556109653
TS2,12659.79664327952
TS3,10283.688545428358
TS4,10282.795157220791
TS5,12659.79664327952
