Time Series,AIC
TS1,5498.0012939446115
TS2,12251.877565668574
TS3,7568.105456785214
TS4,5497.995546572977
TS5,12251.877565668574
