Time Series,R2
TS1,0.30420911335350465
TS2,-929.8605006467658
TS3,-3.553464573669072
TS4,0.31584513278077797
TS5,0.06619942209142915
