Time Series,R2
TS1,-2.52126327312432
TS2,-2.5000626366220473
TS3,-3.4406597188892745
TS4,-3.1862594874519967
TS5,-2.5000626366220473
