Time Series,R2Adj
TS1,0.29953937585923296
TS2,-936.1078865571468
TS3,-3.5840247385930253
TS4,0.3112534893766221
TS5,0.0599323041188885
