Time Series,AIC
TS1,10256.1384541742
TS2,12633.230541344068
TS3,10257.122443492906
TS4,10256.22905528534
TS5,12633.230541344068
