Time Series,R2
TS1,0.06409855382996221
TS2,-0.00036254824570236543
TS3,0.058034292062653425
TS4,0.05015283026320616
TS5,0.2938790723650849
