Time Series,AIC
TS1,-0.08637786507208034
TS2,13469.433818833175
TS3,4295.549299041594
TS4,-0.09800070617539092
TS5,13469.433818833175
