Time Series,BIC
TS1,26.479724070379426
TS2,13495.999920768627
TS3,4322.115400977045
TS4,26.468101229276115
TS5,13495.999920768627
