Time Series,AIC
TS1,4086.4507996394736
TS2,9492.761271587195
TS3,5497.275270630799
TS4,4073.7852905967775
TS5,4307.405315709896
