Time Series,R2Adj
TS1,-2.53304795609997
TS2,-2.5117763669989617
TS3,-3.455521364534821
TS4,-3.2002697267004967
TS5,-2.5117763669989617
