Time Series,BIC
TS1,10289.040073344311
TS2,15116.92005187733
TS3,10369.756214653018
TS4,10289.125505816275
TS5,15032.423633847438
