Time Series,BIC
TS1,9610.614048272326
TS2,9203.191066740967
TS3,9970.024096922962
TS4,9873.807181410046
TS5,9595.740971615478
