Time Series,BIC
TS1,9617.422644352673
TS2,9608.364226667038
TS3,9965.397356010368
TS4,9876.904347088204
TS5,9608.364226667038
