Time Series,AIC
TS1,9590.856542417221
TS2,9581.798124731586
TS3,9938.831254074916
TS4,9850.338245152752
TS5,9581.798124731586
