Time Series,R2Adj
TS1,0.5394354196958425
TS2,-208.2635184483025
TS3,-0.006212655431667269
TS4,0.6683324028563167
TS5,0.4681068511784866
