Time Series,BIC
TS1,-1146.2981852802716
TS2,8032.0465724656015
TS3,25.94525977310831
TS4,-1638.7779324539433
TS5,-930.3138817376202
