Time Series,AIC
TS1,9584.047946336874
TS2,9176.624964805515
TS3,9943.45799498751
TS4,9847.241079474594
TS5,9569.174869680026
