Time Series,BIC
TS1,12167.05505189154
TS2,20403.563384673034
TS3,13047.114208887204
TS4,11518.9575141379
TS5,12706.567312669766
TS6,10640.054291780863
TS7,21226.12254081762
