Time Series,R2
TS1,0.9012861387437034
TS2,0.8996440859475658
TS3,0.9057667616584744
TS4,-inf
TS5,0.9284598227465027
TS6,0.9198618741783454
TS7,-0.0027128835701810683
