Time Series,BIC
TS1,18652.642961112913
TS2,36.84566334899433
TS3,19650.10654545538
TS4,8987.538952757192
TS5,22067.5124242047
TS6,25260.520602642595
TS7,26.23227454032827
