Time Series,R2Adj
TS1,0.46485047059363527
TS2,0.3897415364188188
TS3,0.4111982285242818
TS4,-741.2280417378665
TS5,0.48666153423755
TS6,0.5276776584099666
TS7,-0.006065996782567584
