Time Series,R2
TS1,0.7571375619460656
TS2,0.42972626700582717
TS3,0.20765461190708523
TS4,0.9255840313494572
TS5,0.8243972946475318
TS6,0.612393272714506
TS7,0.0
