Time Series,BIC
TS1,18609.489785340254
TS2,20403.460620973554
TS3,19622.38113213204
TS4,11759.975183075238
TS5,22114.637064950806
TS6,25280.438080162676
TS7,21226.13341794707
