Time Series,AIC
TS1,18661.36115931044
TS2,20353.55111797474
TS3,19662.480415367852
TS4,11394.693203281431
TS5,22047.892641278133
TS6,25234.980218659748
TS7,21169.103894744825
