Time Series,R2Adj
TS1,0.9009557710688162
TS2,0.899308222781393
TS3,0.9054513893748681
TS4,-inf
TS5,0.9282203977891617
TS6,0.9195936742927308
TS7,-0.006068683046654089
