Time Series,R2Adj
TS1,-764.8382119652424
TS2,-711.3192780628221
TS3,-722.6551464539436
TS4,-741.2280417378665
TS5,-720.1335301584597
TS6,-857.2768662512278
TS7,-0.0060661247774431715
