Time Series,BIC
TS1,4138.607148425939
TS2,4074.1178101117275
TS3,4518.549071101363
TS4,10458.000108926693
TS5,4063.6292188991333
TS6,4048.1028681225253
TS7,4082.346276579215
