Time Series,AIC
TS1,12140.488949956089
TS2,20376.997282737582
TS3,13020.548106951752
TS4,11492.391412202447
TS5,12680.001210734314
TS6,10613.488189845411
TS7,21199.55643888217
