Time Series,R2
TS1,-762.283714927333
TS2,-708.9432964815586
TS3,-720.241353437086
TS4,-738.7522977694281
TS5,-717.7281481365836
TS6,-854.4140348094292
TS7,-0.002710333834222922
