Time Series,AIC
TS1,6598.553319475405
TS2,6623.299768856885
TS3,6528.874709189566
TS4,inf
TS5,6115.6040744838865
TS6,6285.84283516339
TS7,6057.0700279215325
