Time Series,BIC
TS1,18687.92726124589
TS2,20380.117219910193
TS3,19689.046517303304
TS4,11421.259305216883
TS5,22074.458743213585
TS6,25261.5463205952
TS7,21195.669996680277
