Time Series,AIC
TS1,4115.500120167118
TS2,4051.010781852907
TS3,4495.442042842542
TS4,10434.893080667873
TS5,4040.5221906403126
TS6,4024.9958398637045
TS7,4059.2392483203944
