Time Series,BIC
TS1,6624.512906825921
TS2,6655.221582265841
TS3,6561.763477246762
TS4,7286.127418441983
TS5,6137.82483017503
TS6,6307.546865609965
TS7,6075.00235892399
