Time Series,BIC
TS1,6625.119421410856
TS2,6649.865870792336
TS3,6555.440811125017
TS4,inf
TS5,6142.170176419338
TS6,6312.408937098841
TS7,6083.636129856984
