Time Series,BIC
TS1,14851.985001770758
TS2,5532.0232771983065
TS3,15353.29394334421
TS4,11358.96466315738
TS5,16748.81084745479
TS6,18640.630537772584
TS7,5520.996926604882
