Time Series,AIC
TS1,14828.877973511937
TS2,5508.916248939486
TS3,15330.186915085389
TS4,9960.935885726762
TS5,16725.703819195973
TS6,18617.523509513765
TS7,5497.889898346061
