Time Series,AIC
TS1,18626.07685917746
TS2,10.279561413542822
TS3,19623.540443519927
TS4,11522.304126321209
TS5,22040.946322269247
TS6,25233.954500707143
TS7,-0.33382739512323667
