Time Series,R2
TS1,-6.600133415559794
TS2,-0.36098871470977545
TS3,-56.216331380500264
TS4,-inf
TS5,-1.673916847574953
TS6,-3.416393806538677
TS7,0.0
