Time Series,AIC
TS1,6597.94680489047
TS2,6628.65548033039
TS3,6535.197375311311
TS4,7259.5613165065315
TS5,6111.258728239579
TS6,6280.980763674514
TS7,6048.436256988539
