Time Series,AIC
TS1,18582.923683404802
TS2,20376.894519038102
TS3,19595.815030196587
TS4,11733.409081139785
TS5,22088.070963015354
TS6,25253.871978227224
TS7,21199.567316011617
