Time Series,Season,R2,R2_Adj,AIC,BIC
TS1,s7,-0.00013,-0.00415,6934.24145,6966.12078
TS2,s9,0.92030,0.91998,6918.25436,6950.13368
TS3,s8,0.02848,0.02457,9572.79309,9604.67241
TS4,s9,0.53029,0.52840,9579.01129,9610.89061
