Time Series,Season,R2,R2_Adj,AIC,BIC
TS1,s7,-0.00013,-0.00415,6934.24145,6966.12078
TS2,s9,0.92030,0.91998,6918.25436,6950.13368
TS3,s8,-0.00002,-0.00404,9616.16795,9648.04727
TS4,s9,0.56868,0.56695,9451.09545,9482.97478
