Time Series,Season,R2,R2_Adj,AIC,BIC
TS1,s7,-0.00012821556960673774,-0.004147485022666153,6934.241454138426,6966.120776460968
TS2,s9,0.91990708913743,0.919585215416616,6925.617581717322,6957.496904039864
TS3,s8,-2.4934183274538668e-05,-0.004043788573830254,9616.167949366569,9648.04727168911
TS4,s9,0.5229485389647099,0.5210313864086404,9602.273116622244,9634.152438944786
