Time Series,Season,R2,R2_Adj,AIC,BIC
TS1,s7,-0.00013,-0.00415,6934.24145,6966.12078
TS2,s9,0.91919,0.91886,6939.05309,6970.93241
TS3,s8,-0.00002,-0.00404,9616.16795,9648.04727
TS4,s9,0.52182,0.51990,9605.81081,9637.69013
