Time Series,R2,R2_Adj,AIC,BIC
TS1,0.9759729021482015,0.9758763431481273,1311.9964681571307,1343.8757904796726
TS2,0.9773777288683567,0.9772868155215451,1221.6253663085902,1253.504688631132
TS3,0.9679931885159311,0.9678645610082925,1742.1461708286226,1774.0254931511645
TS4,0.9766740263996088,0.9765802850455549,1267.5742920412315,1299.4536143637733
TS5,0.9740315343981967,0.9739271735183502,1428.5474729511288,1460.4267952736707
TS6,0.9757413008084743,0.9756438110595466,1326.3859861944827,1358.2653085170246
TS7,0.9766942657390352,0.9766006057219114,1266.272216160325,1298.1515384828667
