Time Series,R2,R2_Adj,AIC,BIC
TS1,0.92358,0.92328,3047.54770,3079.42702
TS2,0.92727,0.94476,2974.02078,2586.71135
TS3,0.94232,0.94209,2625.87931,2657.45349
TS4,0.94475,0.94452,2977.99072,2592.92674
TS5,0.94488,0.92701,2557.71791,3004.55942
TS6,0.92710,0.94468,2975.47136,3008.63482
TS7,0.94490,0.94467,2557.05998,3008.35604
