Time Series,R2,R2_Adj,AIC,BIC
TS1,0.97659,0.97650,1272.94975,1304.82907
TS2,0.97815,0.97806,1169.80375,1201.68308
TS3,0.96817,0.96804,1733.80508,1765.68440
TS4,0.97856,0.97847,1141.13603,1173.01535
TS5,0.97617,0.97607,1299.92402,1331.80334
TS6,0.97844,0.97835,1149.40323,1181.28255
TS7,0.97840,0.97832,1152.09425,1183.97358
