Time Series,R2,R2_Adj,AIC,BIC
TS1,0.74031,0.73821,6806.78938,6834.51782
TS2,0.65930,0.65656,7010.67825,7038.40668
TS3,0.73932,0.73722,6809.62683,6837.35527
TS4,0.74084,0.73875,6805.24662,6832.97505
TS5,0.66122,0.65849,7006.43369,7034.16212
TS6,0.74036,0.73827,6806.62431,6834.35275
TS7,0.74039,0.73830,6806.53461,6834.26305
