Time Series,R2,R2_Adj,AIC,BIC
TS1,0.93416,0.93363,5776.23814,5803.96657
TS2,0.94753,0.94711,5605.73760,5633.46604
TS3,0.91940,0.91875,5928.14510,5955.87354
TS4,0.96012,0.95980,5399.62724,5427.35568
TS5,0.93543,0.93491,5761.61508,5789.34351
TS6,0.93980,0.93931,5708.97595,5736.70439
TS7,0.93651,0.93600,5748.88361,5776.61204
