Time Series,R2,R2_Adj,AIC,BIC
TS1,0.98712,0.98707,2224.80258,2219.00042
TS2,0.59484,0.59321,6117.90632,6149.78564
TS3,0.88937,0.77753,3591.98144,3603.37039
TS4,0.98885,0.98923,4798.21508,4827.72467
TS5,0.40247,0.40006,4508.43542,7982.01803
TS6,0.98854,0.98849,1001.26871,1033.14803
TS7,0.00000,-0.00402,1842.02684,1873.90616
