Time Series,R2,R2_Adj,AIC,BIC
TS1,0.86851,0.86800,7412.37597,7444.25480
TS2,0.98780,0.98914,3647.73366,3736.82359
TS3,0.86247,0.86194,7479.02176,7511.33012
TS4,0.85360,0.85301,7573.68098,7605.56030
TS5,0.91892,0.91859,6687.37102,6719.25035
TS6,0.86278,0.86223,7476.54292,7508.44204
TS7,0.99326,0.99324,2955.21107,2987.09039
