Time Series,R2,R2_Adj,AIC,BIC
TS1,0.98752,0.98747,2147.63267,2179.51199
TS2,0.94117,0.94094,3223.39785,3255.27717
TS3,0.89033,0.88989,3570.92352,3602.80285
TS4,0.99146,0.99142,4014.49625,4046.37557
TS5,0.93789,0.93764,4554.21637,4586.09569
TS6,0.99287,0.99284,290.33809,322.21741
TS7,0.00000,-0.00402,1842.02684,1873.90616
