Time Series,R2,R2_Adj,AIC,BIC
TS1,0.94468,0.94446,2562.96010,2594.83942
TS2,0.94498,0.94476,2554.63664,2586.51596
TS3,0.94232,0.94209,2625.61385,2657.49318
TS4,0.94474,0.94452,2561.23956,2593.11888
TS5,0.94487,0.94465,2557.64388,2589.52320
TS6,0.94490,0.94468,2556.92295,2588.80227
TS7,0.94490,0.94468,2557.01013,2588.88946
