Time Series,R2,R2_Adj,AIC,BIC
TS1,0.74031,0.73823,6806.82809,7038.87940
TS2,0.65926,0.73874,7011.04818,6833.05607
TS3,0.73933,0.73722,6994.60678,6837.40788
TS4,0.74084,0.65597,7011.46035,7038.82157
TS5,0.74084,0.73874,6805.40391,7037.87345
TS6,0.74035,0.73829,6806.54315,6834.35128
TS7,0.74039,0.73831,6806.49453,6834.27673
