Time Series,R2,R2_Adj,AIC,BIC
TS1,0.98752,0.98747,2147.63267,2179.51199
TS2,0.94117,0.94094,3223.35185,3255.23117
TS3,0.88984,0.88939,3577.65639,3609.53571
TS4,0.98983,0.98979,4276.68630,4308.56563
TS5,0.73398,0.73291,6736.29069,6768.17002
TS6,0.99287,0.99284,290.33809,322.21741
TS7,0.00000,-0.00402,1842.02684,1873.90616
