Time Series,R2,R2_Adj,AIC,BIC
Delhi temerature,0.6456886716899416,0.6442275940474259,-494.555597512501,-462.83023367064266
