Time Series,R2,R2_Adj,AIC,BIC
Dehli-Temerature,-1772.09529,-1786.76918,10361.09723,10388.67192
