Time Series,R2,R2_Adj,AIC,BIC
Delhi temerature,0.9814901685180527,0.9814138393160653,-156.8316455931645,-125.10628175130616
