Time Series,R2,R2_Adj,AIC,BIC
Delhi temerature,0.3281407415212505,0.32258052696832296,4594.263289123455,4621.837972207223
