Time Series,R2,R2_Adj,AIC,BIC
Delhi temerature,0.43043289179308086,0.42808416144995953,-19.008220410136598,12.717143431721741
