Time Series,R2,R2_Adj,AIC,BIC
Delhi temerature,0.3243752735094553,0.3177079242348776,4390.920650013087,4417.450383619926
