Time Series,R2,R2_Adj,AIC,BIC
Delhi temerature,0.5743059940988064,0.5722141316619456,1351.8343616535144,1382.513214305757
