Time Series,R2,R2_Adj,AIC,BIC
Delhi temerature,0.7550588906651159,0.7538552488502025,273.2551958060736,303.9340484583161
