Time Series,R2,R2_Adj,AIC,BIC
Delhi temerature,0.6202269786949302,0.6183607722020306,832.1630522201775,862.8419048724201
