Time Series,Season,R2,R2_Adj,AIC,BIC
TS1,s2,0.73968,0.73864,7666.62589,7698.50521
TS2,s11,0.38144,0.37896,7222.40648,7254.28580
TS3,s2,0.98532,0.98526,3353.98807,3385.86739
TS4,s12,0.99205,0.99202,704.38420,736.26353
