Time Series,Season,R2,R2_Adj,AIC,BIC
TS1,s2,0.74101,0.73997,7658.98016,7690.85948
TS2,s11,-0.01009,-0.01415,7958.01671,7989.89603
TS3,s2,0.98469,0.98463,3416.20408,3448.08341
TS4,s12,0.99168,0.99165,773.39162,805.27094
