Time Series,Season,R2,R2_Adj,AIC,BIC
TS1,s2,0.78252,0.78165,7396.93547,7428.81479
TS2,s11,-0.01009,-0.01415,7958.01671,7989.89603
TS3,s2,0.92681,0.92651,5763.43720,5795.31653
TS4,s12,0.99168,0.99165,773.39162,805.27094
