Time Series,Season,R2,R2_Adj,AIC,BIC
TS1,s2,0.7396576401126753,0.7386113881640324,7666.778979215808,7698.65830153835
TS2,s11,-0.009493651659414182,-0.01355055849796516,7957.129216836952,7989.008539159494
TS3,s2,0.9802456275902458,0.9801662396234283,3798.8449607862026,3830.724283108744
TS4,s12,0.9917712099326204,0.9917381404480897,756.9065274730132,788.785849795555
