Time Series,BIC
TS1,9023.848675075245
TS2,9023.879528938709
TS3,9023.849033854876
TS4,9023.878298804659
