Time Series,R2Adj
TS1,-0.004569309327868254
TS2,-0.0045751054259535184
TS3,-0.004568836079759109
TS4,-0.004575081346186893
