Time Series,Component,R2
TS1,Trend,0.00000
TS1,Season,-0.00013
TS1,Noise,-0.0012219727260107671
TS1,Noise-freg,-0.03990644553718847
TS2,Trend,0.00000
TS2,Season,-0.00000
TS2,Noise,-0.0012243886105043345
TS2,Noise-freg,-0.03990511031814736
TS3,Trend,0.00000
TS3,Season,-0.00002
TS3,Noise,-0.0012219266896680292
TS3,Noise-freg,-0.039906350024196735
TS4,Trend,0.00000
TS4,Season,-0.00001
TS4,Noise,-0.0012243667304430161
TS4,Noise-freg,-0.03990493161074338
