Time Series,BIC
TS1,9078.680374320566
TS2,9071.185571898099
TS3,9093.349067866828
TS4,9055.32912465406
