Time Series,BIC
TS1,3467.0893796735463
TS2,3290.23504070813
TS3,3940.9624942968967
TS4,2557.004533255093
