Time Series,AIC
TS1,3440.5232777380947
TS2,3263.6689387726783
TS3,3914.396392361445
TS4,2530.4384313196415
