Time Series,R2Adj
TS1,-0.0033467202141901353
TS2,-0.0033467202141901353
TS3,-0.0033467202141901353
TS4,-0.0033467202141901353
