Time Series,BIC
TS1,6958.825056916532
TS2,17660.490575716252
TS3,12164.652437805531
TS4,30517.69182893972
