Time Series,AIC
TS1,10534.187407944995
TS2,10532.030376299128
TS3,10535.315092015402
TS4,10529.18514334166
