Time Series,BIC
TS1,10557.294436203816
TS2,10555.137404557949
TS3,10558.422120274223
TS4,10552.29217160048
