Time Series,AIC
TS1,9796.497370820034
TS2,17620.524261903192
TS3,9796.491779124166
TS4,30479.28858138273
