Time Series,R2Adj
TS1,-0.003455589135213488
TS2,-0.003347786419749532
TS3,-0.003367149539748704
TS4,-0.003351053923348779
