Time Series,AIC
TS1,9971.181479754801
TS2,12455.316089094755
TS3,11780.429947416213
TS4,14095.790567735725
