Time Series,R2Adj
TS1,-0.046878616358942304
TS2,-0.04688281212892531
TS3,-0.046877802526255063
TS4,-0.04688260015515633
