Time Series,R2
TS1,-0.00010850578252763476
TS2,-1.0626491699916585e-06
TS3,-2.0361182377914844e-05
TS4,-4.319253824602853e-06
