Time Series,AIC
TS1,8997.282573139793
TS2,8997.313427003257
TS3,8997.282931919424
TS4,8997.312196869207
