Time Series,BIC
TS1,10425.023850971202
TS2,14340.585512734535
TS3,10425.02431610532
TS4,20779.270901750326
