Time Series,BIC
TS1,9997.747581690253
TS2,12481.882191030207
TS3,11806.996049351665
TS4,14122.356669671177
