Time Series,AIC
TS1,6932.258954981081
TS2,17633.9244737808
TS3,12138.086335870079
TS4,30491.12572700427
