Time Series,BIC
TS1,9823.063472755486
TS2,17647.090363838644
TS3,9823.057881059618
TS4,30505.854683318183
