Time Series,R2
TS1,-0.03989942558321613
TS2,-0.03990359338139915
TS3,-0.03989861717608001
TS4,-0.039903382820788647
