Time Series,AIC
TS1,9052.114272385114
TS2,9044.619469962647
TS3,9066.782965931376
TS4,9028.763022718607
