Time Series,AIC
TS1,10401.916822712381
TS2,14317.478484475714
TS3,10401.9172878465
TS4,20756.163873491507
