Time Series,R2,R2_Adj,AIC,BIC
TS1,0.46220,0.46004,8866.25447,8898.13379
TS2,0.88373,0.88326,6568.93351,6600.81283
TS3,0.87767,0.87718,6645.05901,6676.93833
TS4,0.94659,0.94637,5402.05382,5433.93314
