Time Series,R2,R2_Adj,AIC,BIC
TS1,0.23129,0.22820,9402.09902,9433.97835
TS2,0.41577,0.41342,8990.47687,9022.35619
TS3,0.32131,0.34490,9335.80657,9188.07244
TS4,0.63373,0.63226,8290.07342,8321.95274
