Time Series,R2,R2_Adj,AIC,BIC
TS1,0.9318427116947575,0.9315688043070607,2905.143370852541,2937.0226931750826
TS2,0.9961282647361338,0.9961127051838343,2071.967741068714,2103.8470633912557
TS3,0.9878808934820993,0.9878321897720475,2996.6725175026113,3028.551839825153
TS4,0.9924788313682832,0.9924486056403593,1951.2706035628642,1983.149925885406
