Time Series,R2,R2_Adj,AIC,BIC
TS1,0.0,-0.004018754186202234,6355.341451560716,6387.2207738832585
TS2,0.0,-0.004018754186202234,8573.814919765708,8605.69424208825
TS3,0.0,-0.004018754186202234,6832.461690785181,6864.3410131077235
TS4,0.0,-0.004018754186202234,6359.18503243392,6391.064354756462
