Time Series,R2,R2_Adj,AIC,BIC
TS1,0.88343,0.88249,8760.40418,8788.13262
TS2,0.91875,0.91810,8489.33609,8517.06453
TS3,0.92065,0.92001,8471.55561,8499.28405
TS4,0.96642,0.96615,7825.68030,7853.40873
