Time Series,R2,R2_Adj,AIC,BIC
TS1,0.93072,0.93044,2929.75721,2961.63653
TS2,0.99614,0.99612,2067.28230,2099.16162
TS3,0.98793,0.98788,2991.05611,3022.93543
TS4,0.99253,0.99250,1941.10228,1972.98160
