Time Series,R2,R2_Adj,AIC,BIC
TS1,0.00000,-0.00402,8040.83856,8072.71788
TS2,0.00000,-0.00402,8945.45652,8977.33584
TS3,0.00000,-0.00402,8643.81793,8675.69725
TS4,0.00000,-0.00402,8232.83439,8264.71372
