Time Series,R2,R2_Adj,AIC,BIC
TS1,0.746931871309277,0.7459148527077067,7735.517488537317,7767.396810859859
TS2,0.5491368104076237,0.5473249020770449,8601.775301473515,8633.654623796057
TS3,0.42625164441704944,0.4239458908112238,8963.31572770404,8995.195050026581
TS4,0.44542142822778563,0.44319271327089804,8912.342127531301,8944.221449853843
