Time Series,R2,R2_Adj,AIC,BIC
TS1,0.92165,0.90251,6575.89990,6294.65440
TS2,0.92876,0.91319,6073.16943,6776.27398
TS3,0.91554,0.91409,6589.46740,6425.53990
TS4,0.90956,0.89080,6740.37404,6295.60339
TS5,0.89701,0.89660,6664.09752,6370.39266
TS6,0.91795,0.92673,6151.34320,6588.56445
TS7,0.90346,0.92590,6271.11046,6118.17461
