Time Series,R2,R2_Adj,AIC,BIC
TS1,0.86022,0.85966,5771.31089,5803.19021
TS2,0.82600,0.82530,4850.08743,4881.96675
TS3,0.45799,0.45581,5967.64140,5999.52073
TS4,0.96762,0.96749,6013.56796,6045.44729
TS5,0.82014,0.81941,6149.22797,6181.10729
TS6,0.84942,0.84881,4864.74546,4896.62478
TS7,0.00000,-0.00402,4523.95352,4555.83285
