Time Series,R2,R2_Adj,AIC,BIC
TS1,0.76922,0.76829,-2202.32726,-2170.44794
TS2,0.76644,0.76550,-2184.39073,-2152.51140
TS3,0.75686,0.75588,-2124.07974,-2092.20042
TS4,0.77658,0.77569,-2250.97988,-2219.10056
TS5,0.77267,0.77175,-2224.90886,-2193.02954
TS6,0.77015,0.76923,-2208.39111,-2176.51179
TS7,0.77346,0.77255,-2230.17414,-2198.29481
