Time Series,R2,R2_Adj,AIC,BIC
TS1,0.91534,0.91500,6370.23158,6402.11091
TS2,0.92067,0.92036,6272.54561,6304.42493
TS3,0.91118,0.91082,6442.17390,6474.05323
TS4,0.91423,0.91388,6389.77068,6421.65000
TS5,0.91158,0.91122,6435.42291,6467.30223
TS6,0.91936,0.91903,6297.29880,6329.17812
TS7,0.92053,0.92021,6275.21749,6307.09681
