Time Series,R2,R2_Adj,AIC,BIC
TS1,0.92641,0.92611,6160.05573,6191.93505
TS2,0.92599,0.92569,6168.57062,6200.44994
TS3,0.91681,0.91648,6343.83654,6375.71586
TS4,0.92109,0.92078,6264.62454,6296.50386
TS5,0.91660,0.91627,6347.64729,6379.52661
TS6,0.92788,0.92759,6129.75670,6161.63602
TS7,0.93352,0.93326,6007.49077,6039.37010
