Time Series,R2,R2_Adj,AIC,BIC
TS1,0.70871,0.70754,-1853.05591,-1834.52271
TS2,0.71017,0.71017,-1860.57798,-1828.69866
TS3,0.70322,0.70128,-1833.41152,-1793.27680
TS4,0.71066,0.70743,-1981.19627,-1832.65326
TS5,0.71084,0.70769,-1853.85008,-1821.97075
TS6,0.71078,0.70773,-1864.71544,-1831.25650
TS7,0.71062,0.70763,-1853.53133,-1830.63741
