Time Series,R2,R2_Adj,AIC,BIC
TS1,0.70965,0.70848,-1857.88933,-1826.01000
TS2,0.71017,0.70900,-1860.57798,-1828.69866
TS3,0.70167,0.70047,-1817.23608,-1785.35675
TS4,0.70946,0.70830,-1856.93911,-1825.05979
TS5,0.70905,0.70788,-1854.79940,-1822.92007
TS6,0.73393,0.73286,-1988.89951,-1957.02019
TS7,0.71015,0.70898,-1860.48270,-1828.60338
