Time Series,R2,R2_Adj,AIC,BIC
TS1,0.81985,0.81913,6151.86051,6183.73983
TS2,0.62759,0.62609,5991.48826,6023.36758
TS3,0.34340,0.34076,6255.31853,6287.19785
TS4,0.96286,0.96271,6219.28612,6251.16545
TS5,0.80139,0.80059,6297.93775,6329.81708
TS6,0.67431,0.67301,6021.89186,6053.77119
TS7,0.00000,-0.00402,5982.07563,6013.95495
