Time Series,R2,R2_Adj,AIC,BIC
TS1,-0.24822,-0.25797,4341.87659,4559.37687
TS2,-0.24430,-0.25830,4523.49774,4557.16757
TS3,-0.27431,-0.27555,4542.89206,4570.62050
TS4,-0.24366,-0.26159,4529.32395,4557.05239
TS5,-0.24365,-0.26191,4529.51523,4557.24366
TS6,-0.25149,-0.26158,4529.31990,4557.04833
TS7,-0.24395,-0.26147,4529.25181,4556.98024
