Time Series,R2,R2_Adj,AIC,BIC
TS1,0.92249,0.92218,6237.85162,6269.73094
TS2,0.92154,0.92122,6256.13629,6288.01561
TS3,0.92071,0.92039,6271.90119,6303.78051
TS4,0.92054,0.92022,6275.03091,6306.91023
TS5,0.91651,0.91618,6349.29170,6381.17103
TS6,0.92706,0.92676,6146.71639,6178.59571
TS7,0.92928,0.92900,6100.24127,6132.12059
