Time Series,R2,R2_Adj,AIC,BIC
TS1,-0.23918,-0.24917,4521.89467,4549.62311
TS2,-0.24824,-0.25830,4527.36357,4555.09201
TS3,-0.26517,-0.27537,4537.48117,4565.20960
TS4,-0.24780,-0.25786,4527.10164,4554.83007
TS5,-0.24587,-0.25591,4525.93681,4553.66524
TS6,-0.25149,-0.26158,4529.31990,4557.04833
TS7,-0.24866,-0.25873,4527.61875,4555.34718
