Time Series,R2,R2_Adj,AIC,BIC
TS1,0.85724,0.85667,5802.90291,5834.78223
TS2,0.82600,0.82530,4850.08743,4881.96675
TS3,0.45799,0.45581,5967.64140,5999.52073
TS4,0.96612,0.96599,6081.15606,6113.03538
TS5,0.81965,0.81892,6153.30043,6185.17976
TS6,0.77251,0.77159,5483.67107,5515.55039
TS7,0.00000,-0.00402,5338.88461,5370.76393
