Time Series,R2,R2_Adj,AIC,BIC
TS1,0.49491,0.49084,3847.89765,3875.62609
TS2,0.59582,0.59256,3680.51253,3708.24097
TS3,0.46548,0.46117,3890.42665,3918.15508
TS4,0.53871,0.53499,3779.77311,3807.50155
TS5,0.52703,0.52322,3798.55207,3826.28050
TS6,0.51110,0.50716,3823.43279,3851.16122
TS7,0.51897,0.51509,3811.24059,3838.96903
