Time Series,R2,R2_Adj,AIC,BIC
TS1,0.76962,0.76870,-2204.95202,-2173.07270
TS2,0.76978,0.76886,-2206.00722,-2174.12790
TS3,0.75105,0.75005,-2088.68257,-2056.80324
TS4,0.76948,0.76856,-2204.04050,-2172.16118
TS5,0.76810,0.76717,-2195.08663,-2163.20731
TS6,0.76851,0.76758,-2197.75504,-2165.87571
TS7,0.76833,0.76740,-2196.54789,-2164.66856
