Time Series,R2,R2_Adj,AIC,BIC
TS1,0.86022,0.85966,5771.31089,5803.19021
TS2,0.82600,0.82530,4850.08743,4881.96675
TS3,0.45799,0.45581,5967.64140,5999.52073
TS4,0.96762,0.96749,6013.56796,6045.44729
TS5,0.82718,0.82648,6089.30887,6121.18819
TS6,0.77771,0.77682,5448.93889,5480.81821
TS7,0.00000,-0.00402,4524.65352,4556.53284
