Time Series,R2,R2_Adj,AIC,BIC
TS1,-27134.77369,-27353.61057,12027.50785,12055.23628
TS2,-1699.64100,-1713.35584,9947.35224,9975.08067
TS3,-52677.08522,-53101.90848,12525.68115,12553.40959
TS4,-9553.75819,-9630.81270,11243.60380,11271.33223
TS5,-7296.94606,-7355.80046,11041.24961,11068.97804
TS6,-8654.77083,-8724.57544,11169.39522,11197.12365
TS7,-4695.24194,-4733.11486,10710.18602,10737.91445
